dataset,pairwise_precision,pairwise_recall,pairwise_f1,abstention_rate,contaminated_requests,comparisons_per_request,peak_active_requests
open_swe_traces_raw_1000_turn_delta_3_6_9_12_sample100,1.0,0.11333333333333333,0.20359281437125748,0.8475,0.0,19.9675,35
tau_bench_historical_sample200,0.9380530973451328,0.009537520244736369,0.018883049790683174,0.9549425287356322,11.0,61.67632183908046,132
