level,anchor_type,requests,request_coverage,unique_anchors,median_occurrences,max_occurrences,ambiguous_anchor_rate,cross_workflow_anchor_rate,median_lifecycle_days,max_lifecycle_days
user,account_cache,7099,0.5755740245104944,134,30.0,114,0.03731343283582089,0.9626865671641791,13.282881944444444,20.19884259259259
user,customer_ref,7099,0.5755740245104944,140,29.0,64,0.0,0.9642857142857143,13.155908564814816,20.19884259259259
project,internal_domain,7099,0.7177067192562333,72,50.5,103,0.0,1.0,17.028391203703706,20.520972222222223
project,order,7099,0.7177067192562333,72,40.5,86,0.0,0.9861111111111112,15.476898148148148,20.05527777777778
project,queue,7099,0.7177067192562333,72,50.5,103,0.0,1.0,17.028391203703706,20.520972222222223
org,internal_domain,7099,0.7999718270178898,72,50.5,103,0.0,1.0,17.028391203703706,20.520972222222223
org,tenant,7099,0.7999718270178898,24,173.0,198,0.0,1.0,19.338391203703704,20.623530092592592
