method,workflows,requests,users,stable_handle_request_coverage,precision,recall,f1,f1_ci_low,f1_ci_high,cross_workflow_precision,cross_workflow_recall,cross_workflow_f1,purity,split_rate,merge_rate
stable_handle_pipeline,160,1736,69,0.6278801843317973,1.0,0.3996714764236022,0.5710932646063925,0.5146334889169217,0.6229322763193339,1.0,0.3901900729663994,0.5613478049570712,1.0,1.0,0.0
user_id_only,160,1736,69,0.6278801843317973,1.0,0.30942411749549087,0.4726109949575698,0.4095832115717484,0.5378391675540481,1.0,0.297630844068102,0.4587296077750781,1.0,1.0,0.0
email_only,160,1736,69,0.6278801843317973,1.0,0.3255604225715022,0.4912041986587618,0.4340498437519478,0.5428877833334468,1.0,0.3233492478155121,0.48868316258806715,1.0,1.0,0.0
no_stable_handle,160,1736,69,0.6278801843317973,0.0,0.0,0.0,0.0,0.0,0.0,0.0,0.0,1.0,1.0,0.0
